beta,plaquette_mean,plaquette_std,measurements
0.5,0.08046878612052573,0.06537545106992848,4
1.0,0.24995127059908556,0.0415174030922024,4
2.0,0.4985369853295142,0.08912280018258373,4
